{"cameraMode":{"drawMode":0,"name":"Shaded","section":"Shading Mode"},"sceneLighting":true,"audioPlay":false,"sceneViewState":{"m_AlwaysRefresh":false,"showFog":true,"showSkybox":true,"showFlares":true,"showImageEffects":true,"showParticleSystems":true,"showVisualEffectGraphs":true,"m_FxEnabled":true},"in2DMode":false,"pivot":{"x":15.38126277923584,"y":-2.5102670192718508,"z":-1.1018919944763184},"rotation":{"x":-0.16159333288669587,"y":0.0079905204474926,"z":-0.0013089736457914115,"w":-0.9868277311325073},"size":5.859801292419434,"orthographic":false}